"","Avg_Target_WCM","Avg_Production_WCM","Avg_WCM_Ratio","Avg_Error_Rate","Avg_Accuracy_Rate","Avg_WF"
"2practice-input.csv",6.42857142857143,5.71428571428571,0.888888888888889,0.103448275862069,0.896551724137931,NA
"practice-input.csv",6,5,0.833333333333333,0.0769230769230769,0.923076923076923,NA
